Date,Name,Year,Letterboxd URI,Rating,Rewatch,Review,Tags,Watched Date
2025-03-15,6 Days,2017,https://boxd.it/97C1v1,3.5,Yes,"sehr spannender Film zu anfängen von SAS und damals in den 80er den Terroranschlag auf die Botschaft. Sehr interessant, lohnt sich anzugucken",,2025-03-14
2025-03-15,Geostorm,2017,https://boxd.it/97C3NB,3,Yes,"Dieser Film errinert sehr stark an 2012 auch von den Ursachen. Viele Szenen sehen sehr gut aus und die Story ist auch ganz ok. Wie vorher erwähnt, wenn man den Film 2012 gemocht hat, wird man hier gut aufgehoben sein
",,2025-03-14
2025-03-15,The Deep House,2021,https://boxd.it/97C4ip,3.5,,"Ein Film der hauptsächlich sich unter Wasser dreht im Stile von Found Footage. Leider passiert es über längere Zeiträume nichts(Um wahrscheinlich Spannung aufzubauen), womit der Film sich teilweise sehr langweilig anfühlt
",,2025-03-14
2025-03-15,Black Box,2021,https://boxd.it/97C5N9,3.5,,"Einer der wenigen Filme von Amazon die man nicht direkt in die Mülltonne schmeißen sollte. Hätte sogar eine höhere Bewertung bekommen, wenn das Ende nicht so schwach wäre(Meine Meinung). Hat einige Wendepunkte im Film mit denen man garnicht rechnet und auch die Story ist sehr gut geschrieben.
",,2025-03-14
2025-03-15,Antidote,2021,https://boxd.it/97C6vF,1.5,,"Leider ein Studentenfilm, also B-Movie. Das Ende ist meiner Meinung nach so gut das die Bewertung auch höher sein könnte, weil man mit sowas garnicht rechnet. Kann man gucken, muss man aber nicht
",,2025-03-14
2025-03-15,Baskin,2015,https://boxd.it/97CaZp,3.5,,"Ein türkischer Horrorfilm der tatsächlich etwas überrascht? Aber ich weiß nicht ob diese Überraschung positiv oder negativ ist. Die Bewertung von dem Film ist schwierig, da dieser so random ist. Allgemein geht es hier um eine religiöse Anspielung. Das Ende ist offen, womit man für sich überlegen kann worüber es hier sich handelt
",,2025-03-14
2025-03-15,The Unholy,2021,https://boxd.it/97Cbzn,4,,"Wenn man hier eine Beschreibung zu dem Film geben würde, könnte man sagen es ist eine Mischung aus Conjuring und einer Supernatural Folge. Sehr cooler Film!
",,2025-03-14
2025-03-15,Superdeep,2020,https://boxd.it/97Ccl7,1.5,,"Schwacher Film von Anfang an. Fängt schlecht an, die Handlung springt von einem Punkt zum anderen so das man teilweise garnicht versteht worum es sich überhaupt handelt. Kann man überspringen
",,2025-03-14
2025-03-15,Bloodline,2018,https://boxd.it/97CcS1,4.5,,"Ein extrem gut gemachter Film mit einem sehr einzigartigem Plot. Man muss nicht abwarten das etwas anfängt, denn der Film ist von Anfang an bis zum Ende gut. Plottwists, Action usw. ist alles dabei. Angucken lohnt sich!!
",,2025-03-14
2025-03-15,The Banishing,2020,https://boxd.it/97Cdwv,1,,"Hab nach ~30 minuten ausgemacht weil der film todeslangweilig war. Keine vernünftige Bewertung deswegen. Wenn dieser aber so weiter gehen würde wie die ersten 30 Minuten, wäre das eine ~2/10
",,2025-03-14
2025-03-15,Escape Room: Tournament of Champions,2021,https://boxd.it/97CgTH,3.5,,"Wenn man auf so ein scheiß wie Escape Rooms mit Rätseln steht wo man auch selber mitfiebern will, ist dieser Film perfekt für einen. Wie bei allen guten Filmen, muss man hier nicht vorher 40 Minuten gucken bis was anfängt, sondern es geht direkt von Anfang an los
",,2025-03-14
2025-03-15,Zone 414,2021,https://boxd.it/97CjbN,4,,"Mischung aus Cyberpunk Nightcity + Blade Runner. Eher weniger Thriller als es ein Detektiv - Film ist. Empfehlenswert ist der Film auf jeden. Das Ende fühlte sich aber etwas gerusht an, höchstwahrscheinlich weil man die Deadline treffen wollte oder Budget ausgegangen ist
",,2025-03-14
2025-03-15,Last Shift,2014,https://boxd.it/97CjUj,5,,"Ein versteckstes Edelstück! Einer der extrem wenigen sehr sehr guten Horror/Thriller Filme. Viele Überraschungsszenen, extrem guter Spannungsaufbau sowie viele verschiedene Szenen die total gut sind. Würde ich jedem empfehlen mindestens einmal zu schauen
",,2025-03-14
2025-03-15,Minority Report,2002,https://boxd.it/97Ckl5,4,,"Ein Klassiker von Tom Cruise. Ein Profi-Agent in der nahen Zukunft. Kann man nicht viel zu sagen, muss man schauen!
",,2025-03-14
2025-03-15,Upgrade,2018,https://boxd.it/97CkKT,4.5,,"Extrem gut gemacht, feeling davon das der Typ ein Übermensch ist und Plottwist ziemlich unerwartet. Ende ist sehr nice, hoffentlich Teil 2. Action Scenen brutal und gut. Kann man nur weiter empfehlen
",,2025-03-14
2025-03-15,Gemini Man,2019,https://boxd.it/97ClmN,3,,"Was soll man hier viel zu sagen, CGI ist sehr schlecht, macht die Actionszenen die eigentlich gut sind wiederrum schlecht imo. Story ganz nice und Will smith ist in dem Film dargestellt wie John Wick auf crack. Empfehlenswert trotzdem 6/10, wäre 8/10 wenn CGI nicht müll wäre
",,2025-03-14
2025-03-15,Meander,2020,https://boxd.it/97Cm7T,4.5,,"Ein weiteres versteckte Edelstück! Super guter Film mit mehreren Plottwists. Nichts für Leute mit klaustrophobie. Gute Mischung aus survival of the fittest + thriller + drama, alles ist sehr gut erwischt. Hat etwas von einem Roguelike. 8.5/10 ( 9 wäre wenn der Film länger dauern würde und man vielleicht noch mehr sehen könnte was da abgeht ) Gucken lohnt sich!
",,2025-03-14
2025-03-15,Source Code,2011,https://boxd.it/97CmMx,4,,"Super guter detektiv + sci-fi film. Hat etwas von Edge of Tomorrow. Ende auch super gut gemacht finde ich. Auf jeden fall lohnenswert es sich anzuschauen.
",,2025-03-14
2025-03-15,Boss Level,2021,https://boxd.it/97CnDr,4,,"Roguelike als Film. Edge of Tomorrow aber mit anderer Storyline. Sehr coole story, Schauspieler ok ( Mel Gibson als bösewicht ist perfekt ). Film empfehlenswert!",,2025-03-14
2025-03-15,Skyfall,2012,https://boxd.it/97CorV,2.5,,"Kompletter durchschnitt und überbewertet. Meine Vermutung warum viele diesen Film hoch bewerten ist aus Nostalgie( Dieser Film hat ein Haufen davon ). Wenn man aber verzweifelt Spion Film gucken möchte, kann man diesen sich anschauen.
",,2025-03-14
2025-03-15,Jack Reacher,2012,https://boxd.it/97CoSx,3.5,,"Ein Film wo man zuerst denkt es ginge um Spionage aber es in wirklichkeit moderner Sherlock Holmes ist. Sehr gut und viele Szenen vorbildlich gemacht. Lohnt sich auf jeden einmal zu schauen ( + Tom Cruise )
",,2025-03-14
2025-03-15,Life,2017,https://boxd.it/97Cpr3,3.5,,"Solider Sci-Fi Thriller wo es darum geht wie es evtl ausgehen würde wenn man außerirdisches Leben finden würde. Einmal anschauen kann man, aber das wars. Hat einen überraschenden Plottwist.
",,2025-03-14
2025-03-15,Beta Test,2016,https://boxd.it/97CqtJ,1.5,,"Nicht zu verwechseln mit dem 2021 Film der genauso heißt! Sieht sehr stark nach einem Studentenfilm aus von ich ganze zeit vor cringe fast sterben musste wie teilweise kacke es ist. Konnte nicht zuende gucken weil es zu ""schlecht"" wurde. 3/10, nur weil die Idee an sich cool ist
",,2025-03-14
2025-03-15,The Martian,2015,https://boxd.it/97CqYH,4,,"Sehr cooler Film für Leute die in Filmen gerne etwas mitdenken. VIEL wissenschaftsjargon, vergleichbar mit Interstellar. Aber sehenswert ist der Film, alleine weil die Umsetzung und die Schauspieler sehr gut sind
",,2025-03-14
2025-03-15,The Man from U.N.C.L.E.,2015,https://boxd.it/97CrIb,4,,"Wenn man den Film Hobbs & Shaw gemocht hat, wird man diesen Film lieben. Sehr viel besser als erwartet, eine Mischung aus 80er Spionage + Komödie. Die Schauspieler spielen deren Rolle extrem gut
",,2025-03-14
2025-03-15,Moonfall,2022,https://boxd.it/97CsiX,3,,"Coole Idee, teilweise aber ganz ok die umsetzung. Insbesondere die cgi Stellen auf der erde fühlt sich an wie etwas aus dem jahre 2009. Die Szenen im Weltraum ganz cool. Die Geschichte an sich nicht so cool, etwas cringe.
",,2025-03-14
2025-03-15,Ambulance,2022,https://boxd.it/97CtrB,2.5,,"Film an sich ok, aber im großen und ganzen gleiche Idee wie immer beim banküberfall ( action film ). Gefühlt nichts neues. Hab nicht zuende geguckt ( ~70% ) aber die bewertung wäre eine 5/10
",,2025-03-14
2025-03-15,Ambulance,2022,https://boxd.it/97Cy4R,2.5,Yes,"Film an sich ok, aber im großen und ganzen gleiche Idee wie immer beim banküberfall ( action film ). Gefühlt nichts neues. Hab nicht zuende geguckt ( ~70% ) aber die bewertung wäre eine 5/10
",,2025-03-14
2025-03-15,Top Gun: Maverick,2022,https://boxd.it/97CyCT,3.5,,"Ganz cooler Film, sehr realitätsnah gehalten was action angeht. Trotzdem super gespielt. Tom Cruise hat seine Rolle wieder super gespielt. Kann man mal anschauen
",,2025-03-14
2025-03-15,The Tunnel,2011,https://boxd.it/97CzqJ,3,,"Stabiler Found footage horror im stil von einer Doku. Errinert sehr sehr stark an Grave Encounters. Wenn man Grave encounters mochte, wird man wahrscheinlich auch diesen film mögen. Besser wäre, wenn man mehr von dem Monster sehen würde, oder mehr gruseligere Szenen gebe
",,2025-03-14
2025-03-15,The Gray Man,2022,https://boxd.it/97CA03,3.5,,"Ganz ok der Film, einige Schauplätze waren mega gut gemacht. Chris Evans hat die Rolle von dem Bösewicht richtig gut gespielt, und allgemein der Bösewicht wurde gut geschrieben. 0815 Spionage Film mit paar cringe dialogen. Kann man mal gucken
",,2025-03-14
2025-03-15,Carter,2022,https://boxd.it/97CAXp,4,,"Nicht ein Film, sondern ein Wildride. Absolut eine der besten kameraführungen die ich seit längerem gesehen habe. Story ist schwach ( und schwer verständlich ), einige CGI Szenen sind schlecht ( wahrscheinlich wegen niedrigen Budget ) aber der ganze film ist eine große Actionszene. Einmal gucken lohnt sich!",,2025-03-14
2025-03-15,The Cabin in the Woods,2011,https://boxd.it/97CBoF,3.5,,"Fängt stereotypisch splatter-teenie movie an, wandelt sich aber zum besseren mit einem Plottwist. Hat etwas von SCP oder Black Mirror
",,2025-03-14
2025-03-15,The Witch: Part 1. The Subversion,2018,https://boxd.it/97CC4h,3.5,,"Fängt langsam an aber verwandelt sich in John Wick auf Crack. Sehr geile Action Szenen, auch wenn es leider zu wenige gibt ( Die ersten fangen fast eine Stunde in dem Film erst an ). Aber es ist aufbauend für den zweiten Teil. Hoffentlich kommt!
",,2025-03-14
2025-03-15,Day Shift,2022,https://boxd.it/97CCBF,3,,"Anfang fängt wie new version von Blade an. Sehr cool. Desto länger der Film geht, desto mehr etwickelt der sich zu einem Fortnite blade. Trotzdem action scenen sind ganz cool.
",,2025-03-14
2025-03-15,The Mechanic,2011,https://boxd.it/97CDi5,4.5,,"Dieser Film ist das was Hitman eigentlich sein sollte. Klassisch, sehr gut gespielt, voraussehbare wendepunkte aber macht den film nicht schlechter
",,2025-03-14
2025-03-15,Mechanic: Resurrection,2016,https://boxd.it/97CDSH,3.5,,"Fängt langsam an, und auch langweilig ehrlich gesagt bis die freundin entführt wird. Ab da non stop RICHTIG gute action, wieder im Hitman style.
",,2025-03-14
2025-03-15,The Transporter,2002,https://boxd.it/97CEi1,4.5,,"Klassiker, kann man nicht mehr was zu sagen. Muss man geguckt haben!
",,2025-03-14
2025-03-15,Copshop,2021,https://boxd.it/97CF3h,2.5,,"Richtiges B-Movie. Aber so richtig. Guter hintergedanke, aber schlecht geschrieben. Woman Power und so.
",,2025-03-14
2025-03-15,Bullet Train,2022,https://boxd.it/97CFrD,3.5,,"ganz coole Action Szenen und Plot ist ganz cool, obwohl einzelne Stories nichts miteinander zutun haben. Wegen der Location kann man mal schauen
",,2025-03-14
2025-03-15,Gonjiam: Haunted Asylum,2018,https://boxd.it/97CG7p,3,,"erinnert SEHR SEHR stark an Grave Encounters. Startet langsam, letzte 30 Minuten ist aber etwas gut action dabei. Leider hat dieser Film nicht so ein hohes Budget gehabt, was man auch erkennt. Paar coole Szenen sind dabei, z.b. die Handszene im raum 402. Anschauen kann man, muss man aber nicht
",,2025-03-14
2025-03-15,Deliver Us from Evil,2014,https://boxd.it/97CGGT,4,,"sehr cooler Detektiv Film vermischt mit Exorzismus und den ganzen kram dazu. Sehr viele krasse abgefuckte szenen, und man ist den ganzen Film über gespannt was als nächstes kommt. Leider Ende hat sich etwas gezogen und das Ende selber war eher meh. Im großen und ganzen ein sehr cooler Film wenn man auf Horrorfilme steht
",,2025-03-14
2025-03-15,Jack Reacher: Never Go Back,2016,https://boxd.it/97CHkT,4,,"sehr solider Film mit Tom Cruise mal wieder. Mitte hat sich etwas gezogen aber halb so wild. Wenn man den ersten Teil gemocht hat, ist man hier gut aufgehoben
",,2025-03-14
2025-03-15,Smile,2022,https://boxd.it/97CHUd,2.5,,"Gute Idee, nicht so geile umsetzung. Fängt sehr interessant an, mitte zieht sich sehr stark und ende ist gefühlt geld ausgegangen. Trotzdessen paar ok szenen hier und da, aber mehr auch nicht
",,2025-03-14
2025-03-15,Passengers,2016,https://boxd.it/97CISR,3,,"0815 ich komm aus dem Schlaf raus und bin der einzige da was mach ich jetzt. Plottwist war OH NEIN SCHIFF GEHT KAPUTT ICH MUSS REPARIEREN ABER ICH KÖNNTE STERBEN. Gleiche Idee, durchgekaut weiß nicht wie oft schon. Dazu noch verpackt als ein Drama/Romantik Film. Kann man angucken, kann man sich aber auch sparen und somit verpasst man nichts.
",,2025-03-14
2025-03-15,The Cloverfield Paradox,2018,https://boxd.it/97CJnv,4,,"Der Nachfolger von dem Film Cloverfield der mehr auf die hintergeschichte eingeht. Wissenschafts crew entdeckt was neues und hat probleme. Coole Szenen, coole Idee dahinter und gut umgesetzt. Gucken lohnt sich!
",,2025-03-14
2025-03-15,Cloverfield,2008,https://boxd.it/97CL1B,4.5,,"Ein klassiker des Found-Footage horrors. Sehr gut gemacht, man fiebert mit den Schauspielern und ist immer über den ganzen Film gespannt wie es weiter geht. Leute die Horror mögen, ist es ein Must Watch!
",,2025-03-14
2025-03-15,All Quiet on the Western Front,2022,https://boxd.it/97CLvh,4.5,,"SEHR emotionaler Film das den grauen eines Krieges zeigt ( in dem Fall ersten Weltkrieg ). Sehr gute Schauspielleistung, sehr gute cinematografische Szenen. Angucken SOLLTE man, ist aber nichts für schwache nerven
",,2025-03-14
2025-03-15,Incantation,2022,https://boxd.it/97CLYj,3,,"guter Film wenn man auf die Idee von Flüchen steht. Paar ekelhafte szenen und sehr abstrakt teilweise auch. Kann man mal gucken
",,2025-03-14
2025-03-15,The Core,2003,https://boxd.it/97CMu5,3.5,,"etwas älterer Film, hat sich aber ziemlich nice gehalten. Hat mich gewundert warum Kritiker diesen Film so schlecht bewertet haben. Ist ganz cool mal die ""andere"" seite sich vorzustellen. Kann man sich mal anschauen!
",,2025-03-14
2025-03-15,Troll,2022,https://boxd.it/97CN9R,3,,"gute Anspielung auf Märchen und Volksgeschichte und am Anfang gut umgesetzt. Gegen Ende lässt dieser Film aber etwas nach, und es fühlt sich an als würde etwas das Budget angehen. Ende hat auch Angespielungen auf einen weitere Teile, mal schauen. Kann man mal gucken
",,2025-03-14
2025-03-15,Black Adam,2022,https://boxd.it/97CNOF,2.5,,"Ist halt 0815 superhelden Film mit kleinem plottwist das der Star nicht so ganz ""heldenhaft"" sich verhält. Kann man mal schauen, fand nichts besonderes
",,2025-03-14
2025-03-15,Barbarian,2022,https://boxd.it/97COHP,4,,"sehr abgefuckter Film, der einen total überrascht mit verschiedenen Ansätzen an das was passiert. Sehr empfehlenswert wenn man auf thriller/horror mit mehr thriller steht
",,2025-03-14
2025-03-15,Control,2022,https://boxd.it/97CPeT,2.5,,"interessanter Film, errinert stark an Lucy. Leider verliert der Film schnell an dampf und das ende ist sehr unbefriedigend, auch wenn es einen guten ""twist"" gab, den man aber kilometerweit entfernt schon riechen konnte. Kann man schaun, muss man aber nicht
",,2025-03-14
2025-03-15,Dark Web: Cicada 3301,2021,https://boxd.it/97CPQt,2.5,,"wäre viel höher eingerankt, WENN DIE NICHT SO CRINGE WÄREN. Idee war eigentlich ganz cool, das skript war auch nice, aber die UMSETZUNG war ja totale katastrophe. Nichts hat sich authentisch gefühlt. Wenn man das nicht anschaut, verpasst man auch nichts
",,2025-03-14
2025-03-15,Glass Onion,2022,https://boxd.it/97CQXF,3.5,,"Ein Film der am Anfang zu sehr versucht alle klischees die es gibt wie pokemons zu sammeln. Allgemein startet sehr langsam ( auch wenn mit einem ""Sinn"" dahinter ). Geht erst richtig los ab >50 min. Dann wird der Film SEHR SEHR interessant, eine solide 10/10 Handlung. Das Ende des Films ist sehr unbefriedigend für mich und ich fand auch das man das viel besser machen konnte. Es könnte LOCKER eine 10/10 werden, aber leider dur viele unnötige klischees, zu sehr in die Länge gezogen und unbefriedigendes Ende ist es nur noch eine 7/10 für mich. Gucken lohnt sich trotzdem!)
",,2025-03-14
2025-03-15,Anna,2019,https://boxd.it/97CRVl,3,,"ein Film das in den 90er ist und sich um spione der KGB und CIA handelt der sehr viele Interessante Stellen hat leider aber auch sehr viele unnötige Stellen. Teilweise sehr viele stellen die stark an John Wick errinern und in der anderen Stelle denk ich mir ich befinde mich irgendwo bei Desperate Housewives. Eigentlich kann man gucken, weil es viele gute Ansätze hat und teilweise sehr spannend ist. Aber anderseits kann man den film auch nicht gucken und man würde nichts wirklich verpassen.
",,2025-03-14
2025-03-15,Prey for the Devil,2022,https://boxd.it/97CSO1,3,,"Ein Film wo ich persönlich nicht hohe Erwartungen hatte weil es eine 0815 Exorzismus Geschichte ist. In wirklichkeit hat er etwas überrascht mit einer Story die leicht zu verdauen ist und einigen interessanten Plottwists. Film baut größtenteils auf Spannung auf. Kann man auf jedenfall mal schauen.
",,2025-03-14
2025-03-15,The Menu,2022,https://boxd.it/97CTcR,2.5,,"Sehr kryptischer und melanchonier film. Was dazu führt das dieser auch sehr langweilig ist (Nicht mein Geschmacksstil). Viel dazu kann man tatsächlich nicht sagen. Kann man schauen, muss man aber nicht.
",,2025-03-14
2025-03-15,V/H/S/99,2022,https://boxd.it/97CUlv,2,,"Die Qualität hat nachgelassen wenn man es vergleicht mit älteren V/H/S Teilen. Insbesondere merkt man das an Stellen wo CGI zum Einsatz kommt. Die verschiedenen Story sind auch wild, springen von extrem Gut ( 2.te Story ) zu extremen Durchschnitt oder total schlecht. Kann man gucken wenn man sonst nichts hat.
",,2025-03-14
2025-03-15,The Wandering Earth,2019,https://boxd.it/97CV25,3.5,,"Ein Interessanter Film aus China der über Idee redet wie die Menschheit versucht die Erde zu retten. Extrem gut gemachte CGI Momente, Story war halt typisch für Weltuntergang, aber gab einige Stellen wo man mit nicht gerechnet hat. Leider hat der sich etwas zu lang gezogen mMn und somit etwas an schwung verloren. Nichts desto trotz ist das ein sehr solider Film den man sich mal anschauen kann
",,2025-03-14
2025-03-15,Flatliners,2017,https://boxd.it/97CVFh,3.5,,"Cooler Film der den Gedanken anspricht was passiert nach dem Tod. Über den ganzen Film lang ist die Spannung gut, insbesondere wenn es mehr auf den Thriller Part angeht, die Drama Szenen sind nicht zu lastig und im großen und ganzen ein gut abgepackter Film. Kann man sich definitiv mal anschauen.
",,2025-03-14
2025-03-15,Safe,2012,https://boxd.it/97CWgn,3,,"Ein sehr typischer Film von Jason Statham. Action, Geheimagent der krass ist, Bandenkriege usw. Also das was man von einem Jason Statham Film erreicht. Sogar würde ich soweit gehen und sagen das es so ein typischer Film von dem, dass dieser fast nicht zu unterscheiden ist von seinen anderen. Macht trotzdem spaß anzugucken.
",,2025-03-14
2025-03-15,Greenland,2020,https://boxd.it/97CWEp,2,,"Wenn man von Weltuntergang klishees gehört hat, wird man diese in dem Film wieder finden. Nichts origineles was man nicht schon andere hunderte male gesehen hat. Wenn man aber undebdingt ein 0815 Disaster Film schauen möchte ohne zu sehr auf qualität zu achten, kann man sich diesen angucken
",,2025-03-14
2025-03-15,War,2007,https://boxd.it/97CX5F,3.5,,"Man rechnet mit einem typischen Jason Statham film, dieser dreht sich aber in komplett andere richtung, insbesondere beim Plottwist. Sehr cooler Film mit richtig coolen Action Szenen. Gucken lohnt sich.
",,2025-03-14
2025-03-15,Spy,2015,https://boxd.it/97CXwr,4,,"Ein absoluter Hammer Film! Action Szenen im Agenten Stil mit sehr guter verarbeiteter Komödie. Super guter Film den ich nur empfehlen kann!
",,2025-03-14
2025-03-15,Faster,2010,https://boxd.it/97CXRz,2,,"Ein gutes premise, leider nicht so ganz gut ausgeführt. Dieser Film hat zu sehr versucht einen typischen Film in richtung equalizer nachzumachen, was nicht so ganz gut gelingt. Story ist auch insgesamt zum einschlafen.
",,2025-03-14
2025-03-15,Countdown,2019,https://boxd.it/97CYbp,2.5,,"Startet super cool, aber wird genauso schnell auch langweilig/uninteressant. Man hätte aus der Idee so viel mehr machen können. Meine Meinung nach, ein verpasste chance auf einen super guten film.
",,2025-03-14
2025-03-15,Pitch Black,2000,https://boxd.it/97CYOL,4,,Ich musste einfach einen Klassiker von Vin Diesel nehmen. Absoluter Must-Watch film für alle SciFi/Thriller Liebhaber.(Fun Fact: So in etwas hab ich mir Black Adam vorgestellt),,2025-03-14
2025-03-15,Project Wolf Hunting,2022,https://boxd.it/97D0GJ,2.5,,"Man kann eigentlich nicht viel zu dem Film sagen. Es ist halt ein Anime im Filmformat mit einem offenem Ende(Was sehr sehr üblich ist bei koreanischen filmen). Die story ist so/so, eigentlich nichts besonderes. Dieser Film ist sehr cool für Leute die unbedingt einen Splatter Film gucken, den davon hat man hier mehr als genug
",,2025-03-14
2025-03-15,Ad Astra,2019,https://boxd.it/97D1dN,3,,"An sich eigentlich ganz guter Film, wo das meiste Dialog als ein Monolog geführt wird. Kaum Action-Szenen, sondern viel zum mitverfolgen und mitdenken (Kein wissenschaftliches Denken, sondern eher menschliche Gefühle). Ende von dem Film ist mMn. nicht so ausgereift gewesen und man könnte etwas mehr machen. Ich denke wenn man etwas schauen möchte was einem zum nachdenken bringt über sich selber, kann man das gucken, ansonsten kann man es auch lassen.
",,2025-03-14
2025-03-15,Ninja Assassin,2009,https://boxd.it/97D1DV,3,,"Hitman, aber mit ninjas und mehr blut. Ganz lustig anzuschauen, paar richtig coole choreo szenen und allgemein ein solider film. Gut anzugucken wenn man bock auf Overpowered Ninjas steht
",,2025-03-14
2025-03-15,2 Guns,2013,https://boxd.it/97D26D,4,,"Sehr cooler Film wo die beiden Hauptdarsteller richtig gut zusammen passen. Hier geht es um kartele, CIA, DEA und der ganze kram mit dazu mit verrat usw. Angucken kann man definitiv!",,2025-03-14
2025-03-15,Extraction 2,2023,https://boxd.it/97D2sJ,4,,"Absoluter hammer film mit einer der besten actionszenen die man seit langer zeit gesehen hat. Diesmal bekommt man auch etwas mehr von den charakteren mit.Viel zu dem Film möchte ich nicht schreiben, man muss es erleben. Definitiv gucken! Leider in meinen Augen ist das ende etwas schwächer gewesen als der rest des Films womit die bewertung auf eine 8 landet.
",,2025-03-14
2025-03-15,The Accountant,2016,https://boxd.it/97D2PD,3,,"Wie man so lustig sagt :"" Weaponized Autismus"". Der ansatz ganz cool, jemand der stark ausgeprägten autismus hat ist gleichzeitig eine art von Racheengel. Ganz ok, leider für mein geschmack passiert zu wenig in dem ganzen film. Trotzdem das vibe von einer Krimiserie + Spy action ist ganz cool hier aufgefangen.
",,2025-03-14
2025-03-15,Malignant,2021,https://boxd.it/97D3eN,1,,"Absoluter Reinfall. Lieber schaut man sich einen B-Studentenfilm an anstelle von diesem Film.
",,2025-03-14
2025-03-18,2001: A Space Odyssey,1968,https://boxd.it/99Kz3f,2,,"Zur seiner Zeit war dieser Film wahrscheinlich Revolutionär. Gerademal wenn es um die realistischen Effekte sowie das der Film von einem praktisch verlangt mitzudenken. Heutzutage, leider nicht mehr so gut in meinen Augen. Man hat es gerne wenn es offene Enden gibt und Sachen mitzudenken, aber dieser Film hat NUR was zum nachdenken da. Das ganze Dialog lässt sich wahrscheinlich auf 2 DINA4 Blätter verpacken.
Ich kann verstehen warum dieser Film so angesehen wird, aber leider nichts für mich",,2025-03-17
2025-03-19,Mickey 17,2025,https://boxd.it/9akVcb,2.5,,"So ein guter Promise, so eine mittelmässige Ausführung. Leider eine Enttäuschung. Auch sehr viele Inkonsistenzen im Film. Mark Rufallo als der verrückte Religionstyp hat auch nicht so überzeugt. Kann man definitiv überspringen",,2025-03-18
2025-03-26,Mile 22,2018,https://boxd.it/9eiFZj,1.5,,"Extraction aber viel schlechter. Errinert sehr stark an eine Story die glatt von call of duty entstammen könnte :D. Iko Uwais hingegen, fand ich sehr nice wie er die Rolle gespielt hat.",,2025-03-25
2025-04-14,The Matrix Resurrections,2021,https://boxd.it/9oTzEt,2.5,,"Also haben wir nun hipster smith, jackass neobe und digitalen Morpheus und neo ist ne bitch??? 2 Stunden für ein Liebesdrama. Der Analytiker ist auch nicht so meins. Allgemein, fühlt sich Teil 4, nachdem man die anderen 3 Teile kennt, nicht gut an. Schade eigentlich....",,2025-04-13
2025-04-19,Sinister,2012,https://boxd.it/9rBll9,4.5,,"Man muss diesen Film geschaut haben als ein Horror-Film Liebhaber. Eine Mischung aus True Crime + Horror. Sehr sehr gut gemacht, viele Spannende Momente. Solange man sich diesen Film anschaut, und nicht die fortsetzungen, ist man gut aufgehoben",,2025-04-18
2025-04-19,The Naked Gun: From the Files of Police Squad!,1988,https://boxd.it/9rBn0R,4.5,,"Was kann man dazu sagen, Leslie Nielsen in seinem Meisterwerk! Absolut ""Kneeslapper"" Komödie, die jeder mal geschaut haben muss!",,2025-04-18
2025-04-19,The Naked Gun 2½: The Smell of Fear,1991,https://boxd.it/9rBoaX,3.5,,"Etwas schwächer als Teil 1, aber nichts destrotrotz immernoch hervoragend! Ein Kopf aus, und sich das anschauen!",,2025-04-18
2025-05-24,Mission: Impossible – The Final Reckoning,2025,https://boxd.it/9MKd0p,4.5,,"peak. Mehr kann man nicht sagen.

Startet etwas langsam und teilweise auch verwirrend, aber steigt in Action mega ran. Die stunts von Cruise sind sehr krass wie immer. Ein richtig cooler action-movie flick. Schauen lohnt sich!",,2025-05-24
2025-06-18,Warfare,2025,https://boxd.it/a2ll8l,4,,"Sound Design is phenomenal. Genauso wie die Choreografie.Es ist teilweise beängstigend wie real das aussieht. Ist KEIN schlechter Film, aber auch nichts weltbewegendes.Schauen lohnt sich, wenn man sowas mag.

Habe auch gelesen das praktisch der ganze Film als 1 Szene gedreht wurde ist. Absolut wow, hat soviel zu Spannung hinzugefügt.",,2025-06-17
2025-06-22,Total Recall,1990,https://boxd.it/a4EzYL,4.5,,Das ist wortwörtlich peak 90s Sci-Fi. ,,2025-06-21
2025-07-02,The Running Man,1987,https://boxd.it/abomLP,3,,"Squid games aber es ist 1980. Wenn man Lust auf old-school Sci-Fi mit Arnie hat, mit den coolen Sprüchen und classic 80s scifi vibe, ist man hier gut aufgehoben",,2025-07-01
2025-07-03,Commando,1985,https://boxd.it/ac2VU3,4,,"Holy fuck, Da kann sich Jason Statham, Vin Diesel, Dwayne usw alle noch eine Scheibe von abschneiden. Das ist peak 80s Action Film. Over the Top, Arnies Lines, Explosionen und noch mehr Explosionen. Perfekt.",,2025-07-02
2025-07-04,Demolition Man,1993,https://boxd.it/acI6Od,4.5,,"Absoluter hammer Film. Top Lines, coole, leichte Story, Wesley Snipes UND Stallone in einem Film??? Das alles zusammen genommen ist so ein guter Sci-Fi/Action Film, es ist in meinen Augen ein must-watch.",,2025-07-03
2025-07-09,Battle: Los Angeles,2011,https://boxd.it/aggEU5,3,,"Kopf aus, Film an. Keine wirkliche Story, nur action ohne hintergedanken. Explosionen, Geballer, dein 0815 Action Film. Nicht  gut, nicht schlecht.",,2025-07-08
2025-07-11,Sicario: Day of the Soldado,2018,https://boxd.it/ahG8LL,3,,"Bei weitem nicht so gut wie Teil 1. Es fehlt gefühlt teilweise diese düstere Atmosphere wie die in Teil 1 war. Trotzdem ist der Film ganz ok. Es gibt paar coole Szenen hier und da, und das Ende ist irgendwie seltsam? 

Anschauen kann man wenn man teil 1 mochte, trifft aber leider nicht ganz den gleichen Punkt.",,2025-07-10
2025-07-22,Event Horizon,1997,https://boxd.it/aqfKuF,4,,"Die Menschen entdecken den Warp aus WH40K und kommen damit nicht zurecht der Film.

Spaß bei Seite, sehr gut gelungener Sci Fi Horror Film mit gefühlt vieler Inspiration von Warhammer. Spannende Momente, kurz und knapp sowie gruselige Momente der das Gefühl nach mehr gibt.",,2025-07-21
2025-07-24,Sunshine,2007,https://boxd.it/arLADv,4,,"Klaustrophobie, Wahnsinn und Horror in einem Film was so ein simples Premise hat.

Was noch gegen verrückt wird, womit man eigentlich nicht wirklich auch rechnet.

Super Film, lohnenswert!",,2025-07-23
2025-07-25,Meg 2: The Trench,2023,https://boxd.it/asycYR,3,,"Jason Statham, Riesenhaie, coole Sprüche.

Jason statham auf einem Jetski mit einer Harpune gegen ein prähistorischen Apex predator. Was möchte man mehr!",,2025-07-24
2025-07-26,Contact,1997,https://boxd.it/atlXWB,4,,"Was wäre wenn....

Philosophie, Wissen, Uneinigkeiten und mehr. Ein Film zum mitdenken, zum mitfühlen.",,2025-07-25
2025-07-27,Hell House LLC,2015,https://boxd.it/aua3X1,3,,"Klassisches Found Footage Horror.

Simpel, spannend sowie etwas gruselig.

Eine Gruppe die jungen Leuten die was aufbauen möchte und es komplett nach hinten geht.",,2025-07-26
2025-07-27,Deadstream,2022,https://boxd.it/auqkkd,4,,"Was für ein Film

Es ist etwas was man einfach nur schauen sollte.  Ein Horrorfilm der sich nicht zu ernst nimmt, praktische Effekte bevorzugt und einfach das Gefühl nach mehr gibt. 
Die Kombination ist absolut cool, mit tatsächlich einigen sehr sehr guten Jumpscares und der Film entwickelt sich in einer Art von ""Book of the Dead"". In meinen Augen ein absolutes must watch",,2025-07-27
2025-07-28,Butterfly Kisses,2018,https://boxd.it/av63MX,2,,"Mockumentary über ein Mythos. Guter Gedanke dahinter, aber leider fehlt bei dem Film Substanz. Es geht eher weniger um das Mythos sondern um irgendwelche persönlichen Probleme.

Sehr langweilig bis zum Ende wo etwas Action passiert. Nicht lohnenswert",,2025-07-27
2025-07-31,Europa Report,2013,https://boxd.it/axHqGZ,3,,"Interessante, mysteriöse Erzählung über eine fiktive Reise zum Mond Europa. Einige spannende Momente, die teilweise auch überwältigend sind, aber im großen und im ganzen ein solider Film den man sich einmal anschauen kann.",,2025-07-30
2025-07-31,Terrified,2017,https://boxd.it/aygT2T,3,,"Wie kann ein Film so unglaublich gut starten, verdammt GUT starten und dann die Handlung so massiv verkacken das man sich dazu zwingen muss weiter zu schauen.

Es ist so als würde Interstellar mittendrin entscheiden ""So, es ist jetzt eine naked gun komödie"". Es baut unglaublich gute Spannung auf, das verlangen nach mehr und mehr, eventuell kleine Erklärungen hier und da. Und man bekommt einfach nichts. So verdammt schade, es hätte so gut sein können. Unendlich enttäuscht. Ohne die ersten Acts, wäre der Film eine 1/5, der Anfang des Films zieht die ganze Wertung um zwei Punkte hoch",,2025-07-31
2025-08-05,Coherence,2013,https://boxd.it/aBKeWX,4,,"Schröndingers Katze der Film.
Kleines Budget, massive Wirkung. Es ist sehr zum mitwirken der ganze Film, sprich zum Mitdenken.

Kurz und knackig gehalten, wenn man  Filme wie Tenet, Shutter Island etc. mag, ist man hier gut aufgehoben. Anschauen lohnenswert!",,2025-08-04
2025-08-06,Triangle,2009,https://boxd.it/aCuAcJ,4,,"Einige Plotholes hier und da meiner Meinung nach machen aber das ganze Bild nicht kaputt.  Spannend, zum mitverfolgen und mitdenken.

Ein Klassiker aus der Zeit der Pro7 20:15 Filme.",,2025-08-05
2025-08-07,Equilibrium,2002,https://boxd.it/aDfWo7,4,,"Dieser ganze Film versprüht so eine Energie von sich, wie das auch Matrix tut. Unglaublich stilistisch gehalten, sehr coole Action Szenen, eine richtig gute Story mit einem Dilemma und so vieles mehr.

Absolut lohnenswert sich diesen anzuschauen!",,2025-08-06
2025-08-13,Shutter,2004,https://boxd.it/aHUg51,3,,"Simpel gehaltenener OldSchool Horrorfilm, der tatsächlich heute noch mit vielen aktuellen Horrorfilmen mithalten kann. Die Handlung ist mal so, mal so, man kann die recht einfach ""Entziffern"". Macht aber trotzdem das nicht schlechter. Es wurde auch eine Hollywood Verfilmung davon gemacht, ist aber nicht so gut gewesen.

Für Fans von Horror, ist es ein Klassiker.",,2025-08-12
2025-08-17,The Borderlands,2013,https://boxd.it/aKIGHj,3.5,,"Tatsächlich ein gut gemachter Film im Stil von Found Footage. Auch der Klassiker,  dass obwohl man aufnimmt, man sich die Aufnahmen selten anguckt und dann streitet ob es stimmt oder nicht was eine Person gesehen hat.

Trotzdem ein solider Horrorfilm mit einem SEHR unerwartetem Ende. Ganzer Film von Anfang ist spannend, interessant und rätselhaft. Für mein Geschmack sind es zu viele Fragen offen, und man hat unglücklicherweise Verlangen nach noch mehr. Sowie einige Charaktere absolut hasswürdig sind.",,2025-08-16
2025-08-17,Host,2020,https://boxd.it/aKX1YD,2,,"Was.......Ein Film der komplett als ein Zoom Call abläuft. Eine Seance wird gehalten und dann passieren Sachen. Fucked around and Found out. Noch obendrauf ist der Film gerademal 50 Minuten? Ein Charakter der da nicht mitgemacht hat, ist plötzlich auch mittendrin? Was... ich weiß nicht, das ist total zoomer horror",,2025-08-16
2025-08-18,Lake Mungo,2008,https://boxd.it/aLyuvJ,2.5,,"Ganzer Film ist wie eine Documentary aufgebaut. Teilweise ist das so gut, dass man vergisst das man einen Horrorfilm schaut. Es ist aber kein Horrorfilm im 'wahrsten' Sinne, sondern eher eine andere rangehensweise. Sehr subtil, sehr slow burning.

Für mein Geschmack ist dieser Film viel zu zurückhaltend, und wo man merkt worum es eigentlich geht, verliert er etwas an Charme. Es ist einer dieser Filme wo man mehr realer darüber nachdenken muss.",,2025-08-17
2025-08-19,The Ritual,2017,https://boxd.it/aMoMaX,3,,"Solider Horrorfilm, der am Anfang gut mysteriös ist, Geschichte von der Gruppe erklärt und warum man nicht ohne Ahnung in den Wald gehen sollte.

Hier handelt es sich um ein gutes Stück Mythologie und bei vielen Szenen, was gerademal Brutalität angeht hält der Film sich nicht zurück.

Entwickelt sich aber immer und immer mehr zu einen Actionflick und verliert dann irgendwannmal das Horrorfeeling. Und am Ende ist das gefühlt full on Resident Evil / Evil Dead.",,2025-08-18
2025-08-20,Man on Fire,2004,https://boxd.it/aN7juT,5,,"Was für ein absolute Meisterleistung von Denzel und allen anderen in dem Film!

Ich kann viel darüber sagen warum mir dieser Film so unglaublich gut gefallen hat, aber am einfachsten zu beschreiben wäre:

""Was bekommt man wenn man die Ideen von Taken, Transporter, John Wick und Equalizer nimmt und zusammenstellt? Man bekommt Man on Fire""",,2025-08-19
2025-08-21,Collateral,2004,https://boxd.it/aNLJex,3,,"Jamie Foxx als Taxifahrer und Tom Cruise als Auftragskiller. Diesmal betrachtet man den ganzen Film tatsächlich aus der Sicht einer Person die zufällig in eine größere Sache gelandet ist.

Dieser Aktionflick ist ganz nett, auch die Detektiv Story. Allgemein coole Story. Aber etwas schwer zu erklären, aber mir fehlte da was. Irgendwie/Irgendwas wie ein Gewürz das das alles sehr viel besser machen würde. Nichts desto trotz, solider Actionfilm",,2025-08-20
2025-08-23,Possessor,2020,https://boxd.it/aP5gav,4,,"Was für eine Überraschung dieser Film. Es ist ein Erlebnis. Über den ganzen Film her, durch die Spannung, Musik, Story wird so eine verdammt 'ekelhafte' Stimmung aufgebaut wie man die sonst nicht wirklich irgendwo kriegt, vielleicht bei Sinister.

Außerdem, hält dieser Film absolut nicht zurück was es zeigt, sprich es ist nichts für leichte Nerven. Wenn man Braindance aus Cyberpunk 2077 kennt, geht das in die gleiche Richtung.

Absolut sehenswert!",,2025-08-22
2025-08-24,Ghost in the Shell,1995,https://boxd.it/aQ6d4F,4,,"Sind die Menschen der Mittelpunkt oder nur ein Knottenpunkt betrachtet auf das ganze Bild her.

Sind meine Errinerungen das, was meine Identität ausmacht?

Das, und viele weitere Existenzbedingte Fragen, treten beim Schauen an.",,2025-08-24
2025-08-25,Oblivion,2013,https://boxd.it/aQCFHp,3.5,,"Film mit einer Storywendung nach der anderen. Super Spannend anzuschauen. Auch Tom Cruise als Hauptdarsteller,  dieser Mann kann keine schlechte Rollen in Sci Fi Filmen spielen.

Ist tatsächlich auch etwas ruhiger was Action angeht, aber das ist in Ordnung.

Sowie die Drohnendarstellung ist wahrscheinlich eine der besten die ich gesehen habe. Alleine der Sound ist ernüchternd.

Ganzer netter Flick für einen Filmabend",,2025-08-24
2025-08-28,The Losers,2010,https://boxd.it/aSHQWD,3,,"Ich wollte :

-Action ohne Nachdenken
-Billige Oneliners
-Klischees bis zum geht nicht mehr
-Explosionen
-Eine 0815 Story.

Und ich habe das alles bekommen. Perfekt für einen Abend wo man nicht unbedingt aufpassen muss, Kopf ausschalten kann, 10 Minuten am Handy sein kann und man verpasst trotzdem nichts",,2025-08-27
2025-08-29,Nobody,2021,https://boxd.it/aTlVw1,3,,"Wenn man the Equalizer kennt und mag, wird man sich bei diesem Action Film wohl fühlen.

In meinen Augen ist es das ""schlechtere"" Equalizier. Weniger Seriös, leichtere Story mit funky Songs, und gegen Ende wird das alles zu viel.",,2025-08-28
2025-09-03,Judge Dredd,1995,https://boxd.it/aWTNvp,3,,"Over the top 90s Scifi. Also wirklich massiv over the top. 
Keine Emotionen
Kein Spaß
Nur das Gesetz!!

Ich persönlich finde den neuen judge Dredd um einiges besser",,2025-09-02
2025-09-06,The Atticus Institute,2015,https://boxd.it/aYMijh,3.5,,"Solide Mockumentary mit interessanter Story. 
Am Anfang ist das echt fesselnd und die Geschichte entwickelt sich langsam aber hat gefühlt einen Schneeballeffekt. Gegen Ende denkt man sich einfach nurnoch ""wtf"". Ist nicht perfekt, weil es auch sehr niedriges Budget hatte.

Stellenweise denkt man sich echt ob es teilweise auf irgendwelchen kranken Experimenten von CIA basierte.

Einzigartige rangehensweise an die typische Story über bessesenheit und das casting ist überraschend gut",,2025-09-05
2025-09-08,Pandorum,2009,https://boxd.it/b07tw3,4,,"Ich bin ohne Trailer, ohne Erwartungen reingekommen und bin komplett positiv überrascht raus gekommen.

Crew wacht auf auf einem Raumschiff, keiner errinert sich was passiert ist und man wird quer durch das Raumschiff von humanoiden Aliens gejagt. Super Spannend und die Story lässt einen die ganze Zeit mitfiebern. 

Ähnlich zu Filmen wie Aliens oder Event Horizon.

Für Leute die gerne SciFi-Horror schauen ist das top!",,2025-09-07
2025-09-13,Aliens,1986,https://boxd.it/b2Z2wh,3.5,,"Zweiter Teil vom Original. Für viele tatsächlich sogar das bessere Teil als der erste, kann ich teilweise auch nachvollziehen.

Für mich persönlich sind die beiden Filme auf dem gleichen Niveau.

Wenn man Teil 1 mag, wird man definitiv auch Teil 2 mögen",,2025-09-12
2025-09-14,The Day the Earth Stood Still,2008,https://boxd.it/b3CY5r,3,,"Guter Klassiker.

Ein Punkt Abzug weil das Kind so massiv auf die Nerven geht, ich könnt kotzen",,2025-09-13
2025-09-16,Knowing,2009,https://boxd.it/b56obd,3.5,,"Verdammt guter Weltuntergangsfilm, gemischt mit Rätseln, Mysterium sowie gute Prise Sci-Fi.

Einige der Szenen sind absolut brutal wie diese gezeigt werden. Hätten ruhig auch mehr zeigen können.

Ende ist auch ganz cool. Alles in allem ein solider Film.",,2025-09-15
2025-09-17,Elysium,2013,https://boxd.it/b5DGxd,4,,"Dieser Film ist ein purer Cyberpunk Playground. Streetkids gehen auf die Jagd nach Corpos. Etliche Implantate, Waffen und so vieles mehr.

Auch wenn der Film versucht eher ein ernsteres Thema anzusprechen, finde das die ganze Action sowie over the top Sci Fi es etwas in Hintergrund drängt. Trotzdem ein absolut cooler SciFi Film",,2025-09-16
2025-09-18,Exam,2009,https://boxd.it/b6afdL,3,,POV: Man bewirbt sich in 2031 auf eine offene Stelle bei Amazon als Lagermitarbeiter,,2025-09-17
2025-09-19,The Beekeeper,2024,https://boxd.it/b6PWq1,4,,Jason Statham,,2025-09-19
2025-09-20,High-Rise,2015,https://boxd.it/b7939p,2.5,,"Ich weiß nicht ob ich was übersehe, oder ich was nicht verstehe aber der Film ist total seltsam, und das nicht im guten Sinne.

Von Anfang an weiß man nicht wirklich was passiert, warum diese Unstimmigkeiten gibt und so vieles mehr. Der Verlauf der Story ist komisch,  man sollte irgendwie mitfühlen müssen mit einigen, aber irgendwie machen die es einem sehr schwer.

Nach über einer Stunde hat der Charakter einen crashout und wie es aussieht vergeht längerer Zeitraum. Dort mutiert es zu einer Art von Snowpiercer. Aber allgemein, mich persönlich , konnte der Film nicht ganz überzeugen",,2025-09-19
2025-09-26,Eraser,1996,https://boxd.it/baUHQf,4,,"Dieser Film ist eine gute Mischung aus ""Mission Impossible"" und dein typischer over-the-top Arnold Action movie. 
Man merkt auch, dass das Budget für den Film recht hoch war.

Es hat keine so langweilige Story wie man es sonst gewohnt ist, es macht spaß mitzuverfolgen.

Alles in einem solider Action Flick im Stil von Mission Impossible",,2025-09-25
2025-10-01,Underworld,2003,https://boxd.it/bdXecj,2.5,,"Das passiert, wenn man Blade nimmt und daraus eine soap opera macht x)",,2025-09-30
2025-10-03,The Naked Gun,2025,https://boxd.it/bf5j0R,4,,"Verdammt gute Komödie, wo alle ziemlich gut verstanden haben, was die originalen Filme so gut gemacht hat.

Manche Stellen wurde es etwas zuviel wo man sich denkt das die Produzenten zu hart versucht haben Hunor hinzuzufügen. Das hat dazu geführt das der Film etwas von dem originalen vibes abweicht und mehr in Richtung von Scary Movie geht. 

Wenn man die originalen Filme mochte mit Leslie Nielsen, wird man diesen auch mögen",,2025-10-02
2025-10-03,The Descent,2005,https://boxd.it/bffWZ5,3,,"""Passiert doch eh nichts"" der Film.

Lass in eine Höhle klettern wo keiner lebendig rauskam.

Lass sagen wir klettern in eine einfache Höhle, aber in Wirklichkeit komplett andere.

Lass vorher an dem Tag richtig saufen, damit man mit einem Kater in Höhlen klettern kann.

So viele Entscheidungen wo man sich einfach nur wundert ob die Personen ein funktionierendes Gehirn haben",,2025-10-02
2025-10-11,ARQ,2016,https://boxd.it/bkfRrR,3,,"Hat recht gut angefangen, man hatte schon das Feeling von ""Edge of Tomorrow"" gehabt.

Aber dann hat es angefangen recht viele Plotholes zu geben (Am schlimmsten war, wie konnte Hannah nicht erkennen wer Sie gefoltert hat????).

Ende konnte man auch gut erahnen. Mich hat mehr die Welt eher drumherum interessiert, und diese leider wird kaum aufgebaut. Viel Potential, das nicht vollständig ausgeschöpft worden ist.",,2025-10-10
2025-10-12,Cobra,1986,https://boxd.it/bkNGE9,4,,Inject that stuff straight into my veins,,2025-10-11
2025-10-13,Universal Soldier,1992,https://boxd.it/blAV4D,3,,"Nicht genug one-liners, Explosionen oder Verfolgungsjagden :(",,2025-10-12
2025-10-19,The Possession of Michael King,2014,https://boxd.it/bpuI2X,3.5,,"Holy fuck my eardrums are shattered.

Solid movie, lots of your typical possession stuff and all that. Little bit different with the motive behind it, which is fine. It has its moments where you are really creeped out but that's it. Voice to Effects ratio is wild, eardrums are gone",,2025-10-18
2025-10-20,Jeruzalem,2015,https://boxd.it/bqaACx,1.5,,"Wenn ich ein vollständiges Review schreiben würde, würde ich mir mehr Mühe geben als der ganze Film.

Absolute Zeitverschwendung.",,2025-10-19
2025-10-25,Torque,2004,https://boxd.it/btnLaH,4.5,,"Absolute peak cinema

- Need for Speed Soundtracks
- Story die man auch in old-school F&F finden würde, leicht verdaulich, nicht viel zum nachdenken
- Absolut unrealistische Fahrszenen, aber egal
- Szenen die wortwörtlich in Fast & Furious hätten sein können.
- Lustigerweise besseres Casting als gedacht?
- MTV Musikvideo Vibes mit einem Sprinkel von coolen Sprüchen
- Letzte Szenen absolut peak

Wenn man versuchen würde mehr Klischees einzubauen, wäre das unmöglich. Der ganze Film verspürt 2000er Vibes. Ist der Film gut? Naja nicht wirklich. Macht es spaß diesen zu schauen? Definitiv. Absolut empfehlenswert, insbesondere wenn man Oldschool F&F mag.",,2025-10-24
2025-10-31,Speed,1994,https://boxd.it/bxJEMT,4.5,,"Absolut ein hammer Action Film. Spannung, Feelings, Story alles verdaut sich sehr gut und ist super spannend. Sowie hat man das Feeling von 90s absolut drin, die Kamera, Aufnahmen und Sound haben dieses Vibe einfach.

In meinen Augen auch eine der besseren Rollen von Keanu.

Super empfehlenswert!",,2025-10-30
2025-11-07,The Signal,2014,https://boxd.it/bCuiXP,3.5,,"Was für ein seltsamer Film...am Anfang hat das echt eine Interessante Story gehabt, Verfolgung von Unbekannten, landen in einer seltsamen Anstalt (SCP Mässig) und mehr. Aber desto länger der Film ging, desto weniger habe ich Lust gehabt die Handlung zu verfolgen, weil es 1) zu sehr richtung Superheld ging? 2) Man ab Hälfte des Films weiß wie dieser Endet.

Trotzdem ist garnicht so schlecht, kann man mal schauen",,2025-11-06
2025-11-10,The Man from Nowhere,2010,https://boxd.it/bEIOHF,4,,"Eine Mischung von Taken und John Wick. Absolut hammer Action Szenen, Story ist jetzt nicht so das beste, halt wie bei Taken.

Sehr viel melancholischer, realer, brutaler aber als die Hollywood Filme Varianten

Super Film und empfehlenswert",,2025-11-09
2025-11-12,Train to Busan,2016,https://boxd.it/bGdwtL,4.5,,"DER beste Zombiefilm, mehr gibt es nicht zu sagen.",,2025-11-11
